{
  "camera": {
    "intrinsics": [
      [419.17367964, 0.0, 149.87203907],
      [0.0, 420.67532299, 128.88566155],
      [0.0, 0.0, 1.0]
    ],
    "distortion": [0.0254768626, -3.34669238, 0.00493017405, -0.00684826718, 20.0281254]
  },
  "color_ranges": {
    "red": [[0, 120, 70], [10, 255, 255]],
    "green": [[36, 100, 100], [86, 255, 255]],
    "blue": [[94, 80, 2], [126, 255, 255]]
  }
}
