{
    "camera": {
        "intrinsics": [
            [
                420.6148967886349,
                0.0,
                149.9192349140985
            ],
            [
                0.0,
                421.6835332601676,
                128.43625501845872
            ],
            [
                0.0,
                0.0,
                1.0
            ]
        ],
        "distortion": [
            -0.02262699834049367,
            -2.2148345882219465,
            0.004364995203899688,
            -0.0067446106940770465,
            11.890600613414508
        ]
    }
}